epoch,epoch_time_sec,train_loss,train_acc,test_acc
0,313.73118151100005,2.1629526450347902,0.1895,0.316
1,298.65146461000006,1.8444973266601563,0.3303600000190735,0.3895
2,312.2812233499999,1.6235438888168334,0.40872000000953673,0.4827
3,289.872193748,1.4814568807601929,0.46323999996185306,0.5013
4,289.688949287,1.3670916793823242,0.50464,0.5668
